item_code,HV
1.1.01.1.1.01.P,12.150457069963315
1.1.01.1.1.02.X,4.261979155238256
1.1.01.1.1.03.0,3.606510334643883
1.1.01.1.1.05.0,3.5481293335067754
1.1.01.1.1.06.0,3.095319079255923
1.1.01.1.1.07.P,11.103634582802849
1.1.01.1.1.08.X,5.660242759069884
1.1.01.1.1.09.0,4.838472926834019
1.1.01.1.1.10.0,2.957906950275184
1.1.01.1.1.11.X,2.4280042797652577
1.1.01.1.1.12.0,2.434105132149343
1.1.01.1.1.13.X,2.6785080702331205
1.1.01.1.1.15.0,16.060438871287925
1.1.01.1.1.16.0,10.491833333938727
1.1.01.2.1.01.X,6.375071758042752
1.1.01.2.1.02.X,7.85150870488365
1.1.01.2.1.03.X,5.593233095930969
1.1.01.2.1.05.X,6.240024459165454
1.1.01.2.1.06.X,6.45829763923486
1.1.01.3.2.01.0,2.964025664171487
1.1.02.1.1.01.0,5.050747940022676
1.1.02.1.1.02.X,2.8985871429713868
1.1.02.1.1.03.0,3.865442408707683
1.1.02.1.1.04.0,7.987065987321003
1.1.02.1.1.05.0,7.6886937651796226
1.1.02.2.1.01.X,2.8886835956537738
1.1.03.1.1.01.0,5.162561515994819
1.1.04.1.1.01.X,2.1937068635935124
1.1.04.2.1.01.0,3.360137929105578
1.1.04.2.1.02.X,2.298249502322326
1.1.04.2.1.03.0,2.218653893312645
1.1.04.2.1.04.0,2.6696666432573095
1.1.05.1.1.01.0,14.552514440408007
1.1.05.1.1.02.0,7.863945665108565
1.1.05.1.1.03.0,31.758603834773968
1.1.05.1.1.04.0,14.064994124671415
1.1.05.2.1.01.0,4.998511531858242
1.1.05.2.1.02.0,3.016072125336607
1.1.05.2.1.03.0,12.752263880102898
1.1.06.1.1.01.0,7.014144868655892
1.1.06.1.1.02.0,13.701125122646564
1.1.06.1.1.03.0,11.324019315723238
1.1.06.1.1.04.0,9.922399337986977
1.1.06.1.1.05.0,17.63178280688341
1.1.06.1.1.06.0,4.638585453731131
1.1.06.1.1.07.0,6.2478888421456045
1.1.06.1.1.08.0,10.465196530519236
1.1.06.1.1.09.X,9.257269525626345
1.1.06.1.1.10.0,9.944467600366071
1.1.06.1.1.11.0,16.115653158625726
1.1.06.1.1.12.0,11.075043889257081
1.1.06.1.1.13.X,15.837132741361343
1.1.06.1.1.14.0,14.31834344725534
1.1.06.1.1.15.0,13.524444177187972
1.1.06.1.1.16.0,10.955865264144938
1.1.06.1.1.17.0,7.719650695753402
1.1.06.1.1.18.0,6.276692479986438
1.1.06.2.1.01.0,19.705937263230894
1.1.06.2.1.02.0,5.832172328367622
1.1.06.2.1.03.0,5.3047693440147965
1.1.06.2.1.04.0,7.636289218158478
1.1.06.2.1.05.0,5.603364329173962
1.1.06.2.1.06.0,4.665466560476641
1.1.06.2.1.07.X,6.031129211346761
1.1.06.2.1.08.0,2.7566365182215105
1.1.07.1.1.01.0,37.804859019764635
1.1.07.1.1.02.0,60.40078450096635
1.1.07.1.1.03.0,9.297496546436411
1.1.07.1.1.04.0,18.418771103295313
1.1.07.1.1.05.0,61.864639143154676
1.1.07.1.1.06.0,40.39196051310292
1.1.07.2.1.01.X,6.718074612832569
1.1.07.3.1.01.0,46.83245127486577
1.1.07.3.1.02.0,12.763739917867152
1.1.07.3.1.03.0,17.958228317603997
1.1.07.3.1.04.0,20.433190083012992
1.1.07.3.1.05.0,14.973366095231782
1.1.07.3.1.06.0,8.702166624214133
1.1.07.3.1.07.X,19.251369768252
1.1.07.3.1.08.X,8.748826949887324
1.1.07.3.1.09.0,17.830180499238878
1.1.07.3.1.10.X,9.572442346701079
1.1.07.3.1.11.0,14.738947994050193
1.1.07.3.1.12.X,6.4798012680749
1.1.07.4.1.01.0,3.750264855324195
1.1.07.4.1.02.0,47.90203164370479
1.1.08.1.1.01.0,26.033701878435533
1.1.08.1.1.02.0,15.909259889671295
1.1.08.1.1.03.0,14.510565745985353
1.1.08.1.1.04.0,11.283409136354852
1.1.08.1.1.05.0,11.492804353273137
1.1.08.1.1.06.0,19.972972238312074
1.1.08.1.1.07.0,11.23256805132996
1.1.08.1.1.08.0,9.113769446448401
1.1.08.1.1.09.X,5.718043812901766
1.1.08.2.1.01.0,9.21122365745389
1.1.08.2.1.02.0,14.139925472244512
1.1.08.2.1.03.0,4.4261828121277595
1.1.09.1.1.01.P,10.9997231272854
1.1.09.1.1.02.0,8.57153673414125
1.1.09.1.1.03.0,4.865977029776665
1.1.09.2.1.01.0,2.5080693769847513
1.1.09.2.1.02.0,4.87313610874467
1.1.09.2.1.03.X,1.1890645883166004
1.1.09.3.1.01.0,3.0728006950871327
1.1.10.1.1.01.0,4.804394932131497
1.1.10.1.1.02.0,29.872316627118668
1.1.10.1.1.03.0,8.06494984351962
1.1.10.1.1.04.0,5.1787433796371
1.1.10.1.1.05.0,6.6153927743636265
1.1.10.1.1.06.0,12.584095549878281
1.1.10.1.1.07.0,11.21626214461154
1.1.10.1.1.08.0,2.6232849348057505
1.1.10.1.1.09.0,5.607201740427515
1.1.12.1.1.01.0,1.700519295507341
1.1.12.1.1.02.0,2.382037787105744
1.1.12.2.1.01.0,1.5192391958517764
1.1.12.3.1.01.X,2.18381833101829
1.1.12.3.1.03.X,2.0039775448998034
1.1.12.3.1.04.0,1.9936672641906281
1.1.12.3.1.05.0,2.348802358455042
1.2.11.1.1.01.0,4.085560522444675
1.2.11.1.1.02.0,7.10073074728938
1.2.11.2.1.01.0,1.1136079695851966
1.2.11.2.1.02.X,1.8265948038294706
1.2.11.2.1.03.X,0.9837547566519073
1.2.11.2.1.04.X,1.4607069972312556
2.1.01.1.1.01.0,3.7101292435929745
2.1.01.1.1.02.0,5.8139473635675065
2.1.01.1.1.03.0,7.842842476873314
2.1.01.1.1.04.0,6.398258843852763
2.1.01.1.1.05.0,4.5365758449203994
2.1.01.2.1.01.0,4.620017669473818
2.1.01.2.1.02.0,2.4957565466660996
2.1.01.2.1.03.X,3.6142029270401492
2.1.01.3.1.01.0,2.958161110930819
2.1.01.3.1.02.X,4.599056191457763
2.1.01.3.1.03.0,2.4359436726762667
2.1.01.3.1.04.0,7.022336598725965
2.1.01.3.1.05.0,4.26376500518391
2.1.01.3.1.06.0,6.8593811652311825
2.1.01.3.1.07.0,4.824239448219684
2.1.01.3.1.08.0,3.923568252563438
3.1.01.1.1.01.0,3.1665534662674673
3.1.01.1.1.02.0,2.4208520856769313
3.1.01.1.1.03.X,2.7985185216522215
3.1.01.1.1.04.0,3.5928822733709254
3.1.01.1.1.05.0,2.8931032398960013
3.1.01.1.1.06.X,2.5922160835699204
3.1.01.1.1.07.X,2.1373419266039444
3.1.01.1.1.08.X,3.2653287141036302
3.1.01.1.1.09.0,1.911619346649912
3.1.01.1.1.10.0,2.4065914381589066
3.1.01.1.1.13.0,2.385701517917341
3.1.01.1.1.14.0,2.1736982259646527
3.1.01.2.1.01.X,2.6259224434773376
3.1.01.2.1.02.0,5.241436271928741
3.1.01.3.1.03.X,2.7216279265243433
3.1.01.3.1.04.X,2.280695088001048
3.1.01.3.1.06.0,2.732471836330707
3.1.01.3.1.07.0,7.8266994091372935
3.1.01.3.1.08.X,2.992880224455469
3.1.01.3.1.09.X,7.254929446003015
3.1.01.4.2.01.X,1.7088298398898278
3.1.01.4.2.02.X,2.1385623931545132
3.1.02.1.1.01.X,2.5285723373083786
3.1.02.1.1.02.X,2.9884508050498506
3.1.02.1.1.03.0,3.3346578747057443
3.1.02.1.1.04.X,3.7240190332029246
3.1.02.1.1.05.0,2.4584706760506942
4.1.01.1.2.01.X,1.5377249219094697
4.1.01.2.2.01.X,1.5961234755500413
4.1.01.2.2.02.X,2.3970297505514853
4.1.01.2.2.03.0,2.6415987402888828
5.1.01.1.1.01.0,3.1411596195503773
5.1.01.2.1.01.X,13.722734128756573
5.1.01.3.1.01.P,27.356730861894853
5.1.01.3.1.02.0,9.515072254060923
5.1.01.3.1.04.0,10.544802896402947
5.1.01.3.1.05.0,3.5234781512651314
5.1.01.4.1.01.0,4.684962016445332
5.1.01.4.1.02.0,2.3762275058125346
5.1.01.4.1.03.0,3.7278516502415506
5.1.01.4.1.04.0,5.583846275304486
5.1.01.4.1.05.0,3.966744294703213
6.1.01.1.1.01.0,3.6937601947866527
6.1.01.1.1.02.0,2.4122386834870833
6.1.01.1.1.03.X,2.515048903417862
6.1.01.1.1.06.0,3.089046066015263
6.1.01.1.1.07.0,6.443694511618022
6.1.01.1.1.09.X,4.630496113534715
6.1.01.2.1.01.0,1.9342988811694195
6.1.01.2.1.02.0,1.6370535327307227
6.1.01.2.1.03.X,2.30809339856066
6.1.01.2.1.04.X,5.6295540831704605
6.1.01.2.1.05.0,3.4103352935909403
6.1.01.2.1.06.X,7.388305315958648
6.1.01.3.1.01.X,2.120807734164656
6.1.01.3.1.02.0,2.9869340574597945
6.1.01.3.1.03.0,3.446749878804873
6.1.01.3.1.04.0,2.959607416245076
6.1.01.3.1.05.X,16.69467184211176
6.1.01.3.1.06.0,1.7397276515714688
6.1.01.3.1.07.0,2.0684763423601296
6.1.01.3.1.08.0,2.972576473268373
6.1.01.3.1.09.X,9.074262486369038
6.1.01.3.1.10.0,3.467169257338482
6.1.01.3.1.12.0,6.905603025930935
6.1.01.4.1.01.X,3.7630472908607837
6.1.01.4.1.02.0,5.48311545992684
6.1.01.4.1.03.0,3.908084631347403
6.1.01.4.1.05.0,2.5553647105787554
6.1.01.4.1.06.0,3.53229041370271
6.1.01.4.1.07.0,3.4534722592465035
6.1.01.5.1.01.X,1.567345933946851
6.1.01.5.1.02.0,3.2789062227840104
6.1.01.5.1.03.0,3.118016715556828
6.1.01.5.1.04.0,2.8268295944974513
6.1.01.5.1.05.0,3.242741843654037
6.1.01.6.1.01.X,2.5689952219460586
6.1.01.6.1.02.0,3.263219031899385
6.1.01.6.1.03.0,3.003689968910154
6.1.01.6.1.04.0,1.4734604444096489
6.1.01.6.1.05.X,1.8140790074177664
6.1.01.6.1.06.0,4.111786469567238
6.1.01.6.1.07.0,1.2254237442597582
6.1.01.6.1.08.0,3.4681090993783394
6.1.01.6.1.09.0,2.205674148678893
6.1.01.6.1.10.0,2.260206954868103
6.1.01.7.2.01.X,1.971019221306846
6.1.01.7.2.03.0,3.48474581741372
6.1.01.7.2.05.0,6.58489044399222
6.1.01.7.2.07.X,2.5463447924405997
6.1.02.1.2.05.X,1.8386037758452458
6.1.02.2.1.01.X,1.7493318426400122
6.1.02.2.1.03.X,6.024355342953515
6.1.02.2.1.04.0,2.7058223777188433
6.1.02.2.2.06.0,1.8373782901274551
6.1.02.2.2.07.0,2.1734173398471532
6.1.02.2.2.08.X,1.4023280167378365
6.1.03.1.1.01.0,2.4678205287572896
6.1.03.1.1.02.X,3.821857868281883
6.1.03.1.1.03.0,3.1527510678180786
6.1.03.1.1.05.X,3.495164923070632
6.1.03.2.1.01.0,9.459190412100343
6.1.03.2.1.02.0,10.801642609415076
6.1.03.2.1.03.X,2.0856277113850736
6.1.03.2.2.04.0,5.780137787838881
6.1.03.3.2.01.X,2.13417325119389
6.1.03.3.2.02.0,3.3662192214852737
6.1.03.3.2.03.X,2.284370737114442
6.1.03.3.2.04.0,2.4670515263904345
6.1.03.3.2.05.0,8.009705422941265
6.1.03.3.2.06.0,2.7741601459509933
6.1.03.3.2.07.0,44.82237361387884
6.1.03.3.2.08.0,5.696759022354608
6.1.03.3.2.09.0,7.872950228003533
6.1.03.4.1.01.0,2.797944244673018
6.1.03.5.2.01.0,1.7043242956226228
6.1.03.5.2.02.X,4.408787963352984
6.1.03.5.2.03.0,2.6687635756412447
6.1.04.1.1.01.X,4.288055509171259
6.1.04.1.1.02.0,4.379852054487643
6.1.04.1.1.03.0,8.139439784659396
6.1.04.1.1.05.X,5.694937528813639
6.1.04.1.1.06.X,2.881864175988471
6.1.04.1.1.07.0,4.013512922859097
6.1.04.1.1.11.0,7.880943727753581
6.1.04.1.1.12.X,1.3215913933628924
6.1.04.1.1.14.X,1.4098722079001695
6.1.04.1.2.04.0,2.0752094936455863
6.1.04.1.2.08.0,11.684995161760762
6.1.04.2.2.01.0,3.797182258812304
6.1.04.2.2.02.0,1.7097240904360957
6.1.04.2.2.04.0,0.0
6.1.04.2.2.05.0,3.1362839403761127
6.1.04.2.2.06.0,2.513004727344866
6.1.04.2.2.07.0,6.726042841198856
6.1.05.1.1.02.X,1.671216173201759
6.1.05.1.1.04.X,2.1015497844795035
6.1.05.2.2.01.X,1.6790184929592893
6.1.05.2.2.02.X,2.872562962517867
6.1.05.2.2.03.0,2.1845587956430834
6.1.06.1.1.01.0,4.128265813383896
6.1.06.1.1.02.X,1.8545992541454213
6.1.06.1.1.03.X,1.4061586228568754
6.1.06.1.1.04.X,1.6047915815223213
6.1.06.1.1.05.X,1.238850406478603
6.1.06.1.1.06.X,1.276927559198692
6.1.06.1.1.07.0,1.547565428501771
6.1.06.1.1.09.X,5.000234823886653
6.1.06.1.1.10.X,4.154866087848974
6.1.06.1.1.11.X,2.599788461829956
6.1.06.1.1.12.X,3.255485574097237
6.1.06.1.1.14.X,6.348713699882201
6.1.06.2.1.01.0,15.169998892763003
6.1.06.2.1.02.0,19.462390402528417
6.1.06.2.1.04.0,9.364524020262314
6.1.06.3.2.01.X,2.0465254261028383
