item_code,HV,SS,OS,MS,weight,description
1.1.01.1.1.01.P,12.150457069963315,0.0,,,0.37093985162405,rice_PDS
1.1.01.1.1.02.X,4.261979155238256,0.0,,,4.3780882487646995,rice_other sources
1.1.01.1.1.03.0,3.606510334643883,0.0,,,0.09523996190401,chira
1.1.01.1.1.05.0,3.5481293335067754,0.0,,,0.11108995556401,muri
1.1.01.1.1.06.0,3.095319079255923,0.0,,,0.01764999294,other rice products
1.1.01.1.1.07.P,11.103634582802849,0.0,,,0.17388993044401999,wheat/atta_PDS
1.1.01.1.1.08.X,5.660242759069884,0.0,,,2.5605189757924,wheat/atta_other sources
1.1.01.1.1.09.0,4.838472926834019,0.0,,,0.031119987552,maida
1.1.01.1.1.10.0,2.957906950275184,0.0,,,0.09510996195601,suji; rawa
1.1.01.1.1.11.X,2.4280042797652577,0.014194890671482607,,,0.033809986476000004,sewai; noodles
1.1.01.1.1.12.0,2.434105132149343,0.018982985934411167,,,0.10815995673601,bread [bakery]
1.1.01.1.1.13.X,2.6785080702331205,0.0,,,0.8830796467681401,biscuits; chocolates; etc.
1.1.01.1.1.15.0,16.060438871287925,0.0045874802837143625,,,0.0011599995360001853,other cereals
1.1.01.1.1.16.0,10.491833333938727,0.0,,,0.047559980976,cereal substitutes: tapioca; etc.
1.1.01.2.1.01.X,6.375071758042752,0.0,,,0.22632990946803,jowar and its products
1.1.01.2.1.02.X,7.85150870488365,0.0,,,0.11248995500401,bajra and its products
1.1.01.2.1.03.X,5.593233095930969,0.0,,,0.057109977156,maize and products
1.1.01.2.1.05.X,6.240024459165454,0.0,,,0.0002399999040000384,small millets and their products
1.1.01.2.1.06.X,6.45829763923486,0.0,,,0.045779981688,ragi and its products
1.1.01.3.2.01.0,2.964025664171487,0.0,,,0.32419987032005,grinding charges
1.1.02.1.1.01.0,5.050747940022676,0.010736327770510812,,,0.79376968249212,goat meat/mutton
1.1.02.1.1.02.X,2.8985871429713868,0.0,,,0.26751989299204,beef/buffalo meat
1.1.02.1.1.03.0,3.865442408707683,0.0,,,0.051769979292,pork
1.1.02.1.1.04.0,7.987065987321003,0.0,,,1.22722950910819,chicken
1.1.02.1.1.05.0,7.6886937651796226,0.0,,,0.0055699977720008904,others: birds; crab; oyster; tortoise; etc.
1.1.02.2.1.01.X,2.8886835956537738,0.0,,,1.2671294931482,fish; prawn
1.1.03.1.1.01.0,5.162561515994819,0.0,,,0.43084982766006,eggs (no.)
1.1.04.1.1.01.X,2.1937068635935124,0.0,,,6.4188574324570205,milk: liquid (litre)
1.1.04.2.1.01.0,3.360137929105578,0.021367630039200725,,,0.025329989868000002,baby food
1.1.04.2.1.02.X,2.298249502322326,0.0,,,0.041139983544,milk: condensed/powder
1.1.04.2.1.03.0,2.218653893312645,0.0,,,0.09421996231201,curd
1.1.04.2.1.04.0,2.6696666432573095,0.0,,,0.027469989012,other milk products
1.1.05.1.1.01.0,14.552514440408007,0.0,,,1.32677946928821,mustard oil
1.1.05.1.1.02.0,7.863945665108565,0.0,,,0.33276986689205,groundnut oil
1.1.05.1.1.03.0,31.758603834773968,0.0,,,0.07883996846401,coconut oil
1.1.05.1.1.04.0,14.064994124671415,0.0,,,1.2623794950482,refined oil [sunflower; soyabean; saffola; etc.]
1.1.05.2.1.01.0,4.998511531858242,0.0,,,0.47444981022007,ghee
1.1.05.2.1.02.0,3.016072125336607,0.1352047865604702,,,0.010409995836,butter
1.1.05.2.1.03.0,12.752263880102898,0.0,,,0.07186997125201,vanaspati; margarine
1.1.06.1.1.01.0,7.014144868655892,0.005743395149472197,,,0.55979977608008,banana (no.)
1.1.06.1.1.02.0,13.701125122646564,0.051112130988883564,,,0.004139998344000662,jackfruit
1.1.06.1.1.03.0,11.324019315723238,0.0,,,0.046839981264,watermelon
1.1.06.1.1.04.0,9.922399337986977,0.0,,,0.0036999985200005924,pineapple (no.)
1.1.06.1.1.05.0,17.63178280688341,0.0,,,0.26252989498803997,coconut (no.)
1.1.06.1.1.06.0,4.638585453731131,0.0,,,0.045869981652,green coconut (no.)
1.1.06.1.1.07.0,6.2478888421456045,0.0,,,0.08132996746801,guava
1.1.06.1.1.08.0,10.465196530519236,0.30309381507845734,,,0.002109999156000337,singara
1.1.06.1.1.09.X,9.257269525626345,0.0,,,0.12517994992801998,orange; mausami (no.)
1.1.06.1.1.10.0,9.944467600366071,0.0,,,0.047439981024,papaya
1.1.06.1.1.11.0,16.115653158625726,0.0,,,0.32016987193205,mango
1.1.06.1.1.12.0,11.075043889257081,0.0,,,0.012429995028,kharbooza
1.1.06.1.1.13.X,15.837132741361343,0.0,,,0.0005399997840000864,pears/nashpati
1.1.06.1.1.14.0,14.31834344725534,0.0,,,0.0013899994440002225,berries
1.1.06.1.1.15.0,13.524444177187972,0.0,,,0.008489996604001357,leechi
1.1.06.1.1.16.0,10.955865264144938,0.0,,,0.47017981192807,apple
1.1.06.1.1.17.0,7.719650695753402,0.0,,,0.15339993864002,grapes
1.1.06.1.1.18.0,6.276692479986438,0.0,,,0.11938995224401001,other fresh fruits
1.1.06.2.1.01.0,19.705937263230894,0.0,,,0.10067995972801,coconut: copra
1.1.06.2.1.02.0,5.832172328367622,0.046273812474398546,,,0.28768988492404,groundnut
1.1.06.2.1.03.0,5.3047693440147965,0.0,,,0.041569983372,dates
1.1.06.2.1.04.0,7.636289218158478,0.0,,,0.07742996902801,cashewnut
1.1.06.2.1.05.0,5.603364329173962,0.0,,,0.0027099989160004334,walnut
1.1.06.2.1.06.0,4.665466560476641,0.0,,,0.014239994304,other nuts
1.1.06.2.1.07.X,6.031129211346761,0.11007717704861952,,,0.056159977536,raisin; kishmish; monacca; etc.
1.1.06.2.1.08.0,2.7566365182215105,0.02606253144147741,,,0.045979981608,other dry fruits
1.1.07.1.1.01.0,37.804859019764635,0.02174431083382833,,,0.9840396063841499,potato
1.1.07.1.1.02.0,60.40078450096635,0.0,,,0.6440897423641,onion
1.1.07.1.1.03.0,9.297496546436411,0.0,,,0.07206997117201,radish
1.1.07.1.1.04.0,18.418771103295313,0.006726066393698771,,,0.09394996242001,carrot
1.1.07.1.1.05.0,61.864639143154676,0.0,,,0.31021987591204,garlic (gm)
1.1.07.1.1.06.0,40.39196051310292,0.015303993267075655,,,0.19176992329203,ginger (gm)
1.1.07.2.1.01.X,6.718074612832569,0.0,,,0.43848982460407,palak/other leafy vegetables
1.1.07.3.1.01.0,46.83245127486577,0.0,,,0.57487977004809,tomato
1.1.07.3.1.02.0,12.763739917867152,0.0,,,0.36815985273604995,brinjal
1.1.07.3.1.03.0,17.958228317603997,0.0,,,0.24627990148803,cauliflower
1.1.07.3.1.04.0,20.433190083012992,0.0,,,0.18138992744402,cabbage
1.1.07.3.1.05.0,14.973366095231782,0.0,,,0.27889988844004,green chillies
1.1.07.3.1.06.0,8.702166624214133,0.0,,,0.28286988685204,ladys finger
1.1.07.3.1.07.X,19.251369768252,0.05698184994280586,,,0.09626996149201,parwal/patal; kundru
1.1.07.3.1.08.X,8.748826949887324,0.0,,,0.23612990554802998,gourd; pumpkin
1.1.07.3.1.09.0,17.830180499238878,0.0,,,0.10319995872001,peas [Vegetables]
1.1.07.3.1.10.X,9.572442346701079,0.0,,,0.14246994301202,beans; barbati
1.1.07.3.1.11.0,14.738947994050193,0.0,,,0.12704994918002,lemon (no.)
1.1.07.3.1.12.X,6.4798012680749,0.0,,,0.56482977406809,other vegetables
1.1.07.4.1.01.0,3.750264855324195,0.0,,,0.09464996214001,pickles (gm)
1.1.07.4.1.02.0,47.90203164370479,0.0,,,0.007639996944001222,chips (gm)
1.1.08.1.1.01.0,26.033701878435533,0.0,,,0.79606968157212,arhar; tur
1.1.08.1.1.02.0,15.909259889671295,0.03490134465289774,,,0.19898992040403002,gram: split
1.1.08.1.1.03.0,14.510565745985353,0.05804426245497629,,,0.09479996208001,gram: whole
1.1.08.1.1.04.0,11.283409136354852,0.0,,,0.34531986187205,moong
1.1.08.1.1.05.0,11.492804353273137,0.0,,,0.30212987914803996,masur
1.1.08.1.1.06.0,19.972972238312074,0.0,,,0.27352989058804,urd
1.1.08.1.1.07.0,11.23256805132996,0.0,,,0.06755997297601,peas [Pulses]
1.1.08.1.1.08.0,9.113769446448401,0.0,,,0.011509995396,khesari
1.1.08.1.1.09.X,5.718043812901766,0.0,,,0.08298996680401,other pulses
1.1.08.2.1.01.0,9.21122365745389,0.009055810285513166,,,0.023269990692,gram products
1.1.08.2.1.02.0,14.139925472244512,0.0,,,0.15724993710002,besan
1.1.08.2.1.03.0,4.4261828121277595,0.0,,,0.030659987735999997,other pulse products
1.1.09.1.1.01.P,10.9997231272854,0.0,,,0.08754996498001,sugar - PDS
1.1.09.1.1.02.0,8.57153673414125,0.0,,,1.13402954638818,sugar - other sources
1.1.09.1.1.03.0,4.865977029776665,0.0,,,0.10302995878801,gur
1.1.09.2.1.01.0,2.5080693769847513,0.06368900254578913,,,0.0011699995320001873,candy; misri
1.1.09.2.1.02.0,4.87313610874467,0.0,,,0.0032699986920005225,honey
1.1.09.2.1.03.X,1.1890645883166004,0.12260597903966208,,,0.023409990636,sauce; jam; jelly (gm)
1.1.09.3.1.01.0,3.0728006950871327,0.0,,,0.011629995348,ice-cream
1.1.10.1.1.01.0,4.804394932131497,0.0,,,0.15946993621202,salt
1.1.10.1.1.02.0,29.872316627118668,0.0015404642680676428,,,0.37182985126805,jeera (gm)
1.1.10.1.1.03.0,8.06494984351962,0.0,,,0.33414986634005,dhania (gm)
1.1.10.1.1.04.0,5.1787433796371,0.0,,,0.49650980139607,turmeric (gm)
1.1.10.1.1.05.0,6.6153927743636265,0.0,,,0.13987994404802,black pepper (gm)
1.1.10.1.1.06.0,12.584095549878281,0.0,,,0.5750997699600899,dry chillies (gm)
1.1.10.1.1.07.0,11.21626214461154,0.0,,,0.14785994085602,tamarind (gm)
1.1.10.1.1.08.0,2.6232849348057505,0.0,,,0.17959992816002,curry powder (gm)
1.1.10.1.1.09.0,5.607201740427515,0.0,,,0.09062996374801,oilseeds (gm)
1.1.12.1.1.01.0,1.700519295507341,0.0,,,0.8549996580001299,tea: cups (no.)
1.1.12.1.1.02.0,2.382037787105744,0.11084067246442775,,,0.019609992156,coffee: cups (no.)
1.1.12.2.1.01.0,1.5192391958517764,0.0,,,2.42471903011238,cooked meals purchased  (no.)
1.1.12.3.1.01.X,2.18381833101829,0.15476393156034207,,,1.16056953577218,cooked snacks purchased [samosa; puri; paratha; burger; chowmein; idli; dosa; vada; chops; pakoras; pao bhaji; etc.]
1.1.12.3.1.03.X,2.0039775448998034,0.0,,,0.5540197783920799,prepared sweets; cake; pastry
1.1.12.3.1.04.0,1.9936672641906281,0.0,,,0.45657981736807,papad; bhujia; namkeen; mixture; chanachur
1.1.12.3.1.05.0,2.348802358455042,0.0,,,0.07819996872001,other packaged processed food
1.2.11.1.1.01.0,4.085560522444675,0.0,,,0.95779961688015,tea: leaf (gm)
1.2.11.1.1.02.0,7.10073074728938,0.15059420588394656,,,0.058699976519999995,coffee: powder (gm)
1.2.11.2.1.01.0,1.1136079695851966,0.0,,,0.016009993596,mineral water (litre)
1.2.11.2.1.02.X,1.8265948038294706,0.0,,,0.08849996460001,cold beverages: bottled/canned (litre)
1.2.11.2.1.03.X,0.9837547566519073,0.0,,,0.051489979404,fruit juice and shake (litre)
1.2.11.2.1.04.X,1.4607069972312556,0.009773124730047877,,,0.08626996549201,other beverages: cocoa; chocolate; etc.
2.1.01.1.1.01.0,3.7101292435929745,0.0,,,0.35365985853605,country liquor (litre)
2.1.01.1.1.02.0,5.8139473635675065,0.0,,,0.40343983862406,foreign/refined liquor or wine (litre)
2.1.01.1.1.03.0,7.842842476873314,0.0,,,0.057879976847999996,toddy (litre)
2.1.01.1.1.04.0,6.398258843852763,0.0,,,0.059319976272,beer (litre)
2.1.01.1.1.05.0,4.5365758449203994,0.0,,,0.07638996944401,other intoxicants
2.1.01.2.1.01.0,4.620017669473818,0.07980883264829086,,,0.06395997441601,pan: leaf (no.)
2.1.01.2.1.02.0,2.4957565466660996,0.0,,,0.15532993786802,pan: finished (no.)
2.1.01.2.1.03.X,3.6142029270401492,0.0,,,0.13112994754802001,ingredients for pan (gm)
2.1.01.3.1.01.0,2.958161110930819,0.0,,,0.42637982944805997,bidi (no.)
2.1.01.3.1.02.X,4.599056191457763,0.006168766724964914,,,0.22927990828803002,cigarettes (no.)
2.1.01.3.1.03.0,2.4359436726762667,0.006348895224143836,,,0.09989996004001,leaf tobacco (gm)
2.1.01.3.1.04.0,7.022336598725965,0.03016701953758616,,,0.0005599997760000894,snuff (gm)
2.1.01.3.1.05.0,4.26376500518391,0.0,,,0.005809997676000929,hookah tobacco (gm)
2.1.01.3.1.06.0,6.8593811652311825,0.0,,,0.004239998304000678,cheroot (no.)
2.1.01.3.1.07.0,4.824239448219684,0.0,,,0.048689980524000004,zarda; kimam; surti (gm)
2.1.01.3.1.08.0,3.923568252563438,0.0,,,0.26360989455604,other tobacco products
3.1.01.1.1.01.0,3.1665534662674673,0.0,,,0.07464997014001,dhoti (no.)
3.1.01.1.1.02.0,2.4208520856769313,0.0,,,0.89660964135614,saree (no.)
3.1.01.1.1.03.X,2.7985185216522215,0.0,,,0.08229996708001,shawl; chaddar (no.)
3.1.01.1.1.04.0,3.5928822733709254,0.0,,,0.11462995414801,lungi (no.)
3.1.01.1.1.05.0,2.8931032398960013,0.030920388028487844,,,0.05529997788,kurta-pajama suits: males (no.)
3.1.01.1.1.06.X,2.5922160835699204,0.015892845850597692,,,0.56645977341609,shirts; T-shirts (no.)
3.1.01.1.1.07.X,2.1373419266039444,0.025732437894241067,,,0.55364977854008,shorts; trousers; bermudas (no.)
3.1.01.1.1.08.X,3.2653287141036302,0.0,,,0.49076980369207,baniyan; socks; other hosiery and undergarments; etc. (no.)
3.1.01.1.1.09.0,1.911619346649912,0.0,,,0.22294991082003002,kurta-pajama suits: females (no.)
3.1.01.1.1.10.0,2.4065914381589066,0.033776601902062886,,,0.15121993951201998,frocks; skirts; etc. (no.)
3.1.01.1.1.13.0,2.385701517917341,0.0,,,0.16969993212002,school/college uniform: boys
3.1.01.1.1.14.0,2.1736982259646527,0.0,,,0.13529994588002,school/college uniform: girls
3.1.01.2.1.01.X,2.6259224434773376,0.0,,,0.19626992149203,coat; jacket; sweater; windcheater (no.)
3.1.01.2.1.02.0,5.241436271928741,0.0,,,0.0002899998840000463,knitting wool (gm)
3.1.01.3.1.03.X,2.7216279265243433,0.08752787617331959,,,0.6766097293561,cloth for shirt; pyjama; kurta; salwar; etc. (metre)
3.1.01.3.1.04.X,2.280695088001048,0.0026755601571967214,,,0.42345983061606,cloth for coat; trousers; suit; etc. (metre)
3.1.01.3.1.06.0,2.732471836330707,0.0,,,0.05150997939600001,clothing [first-hand]: other
3.1.01.3.1.07.0,7.8266994091372935,0.0,,,0.012679994927999998,clothing: second-hand
3.1.01.3.1.08.X,2.992880224455469,0.0,,,0.17774992890002,gamchha; towel; handkerchief (no.)
3.1.01.3.1.09.X,7.254929446003015,0.0,,,0.01144999542,headwear; belts; ties (no.)
3.1.01.4.2.01.X,1.7088298398898278,0.0,,,0.12457995016800999,washerman; laundry; ironing
3.1.01.4.2.02.X,2.1385623931545132,0.0,,,0.38900984439606,tailor
3.1.02.1.1.01.X,2.5285723373083786,0.039501929679401804,,,0.20890991643603002,leather boots; shoes
3.1.02.1.1.02.X,2.9884508050498506,0.0,,,0.18208992716402,leather sandals; chappals; etc.
3.1.02.1.1.03.0,3.3346578747057443,0.0,,,0.07540996983601,other leather footwear
3.1.02.1.1.04.X,3.7240190332029246,0.0,,,0.31247987500804,rubber/PVC footwear
3.1.02.1.1.05.0,2.4584706760506942,0.04117271038537451,,,0.17107993156801998,other footwear
4.1.01.1.2.01.X,1.5377249219094697,0.0,,,9.51041619583352,house rent; garage rent
4.1.01.2.2.01.X,1.5961234755500413,0.0,,,0.28318988672404,residential building and land [cost of repairs only]
4.1.01.2.2.02.X,2.3970297505514853,0.0,,,0.16135993545602,water charges
4.1.01.2.2.03.0,2.6415987402888828,0.026623772769859944,,,0.11477995408800999,watch man charges [other cons taxes]
5.1.01.1.1.01.0,3.1411596195503773,0.0,,,2.26041909583236,electricity (std. unit)
5.1.01.2.1.01.X,13.722734128756573,0.0,,,1.2862094855161998,LPG [excl. conveyance]
5.1.01.3.1.01.P,27.356730861894853,0.0,,,0.34161986335205,kerosene – PDS (litre)
5.1.01.3.1.02.0,9.515072254060923,0.0,,,0.20711991715203,kerosene – other sources (litre)
5.1.01.3.1.04.0,10.544802896402947,0.0,,,0.0024299990280003884,diesel (litre) [excl. conveyance]
5.1.01.3.1.05.0,3.5234781512651314,0.02193002065915184,,,0.18411992635201999,other fuel
5.1.01.4.1.01.0,4.684962016445332,0.0,,,0.010729995708,coke
5.1.01.4.1.02.0,2.3762275058125346,0.0,,,2.0675491729803297,firewood and chips
5.1.01.4.1.03.0,3.7278516502415506,0.05565680234207149,,,0.03864998454,coal
5.1.01.4.1.04.0,5.583846275304486,0.0,,,0.002289999084000366,charcoal
5.1.01.4.1.05.0,3.966744294703213,0.0,,,0.44195982321606997,dung cake
6.1.01.1.1.01.0,3.6937601947866527,0.0,,,0.05714997714,bedstead
6.1.01.1.1.02.0,2.4122386834870833,0.0,,,0.033429986628,almirah; dressing table
6.1.01.1.1.03.X,2.515048903417862,0.0,,,0.015309993876000001,chair; stool; bench; table
6.1.01.1.1.06.0,3.089046066015263,0.1738515580789517,,,0.024709990116,other furniture and fixtures [couch; sofa; etc.]
6.1.01.1.1.07.0,6.443694511618022,0.0,,,0.0022099991160003537,bathroom and sanitary equipment
6.1.01.1.1.09.X,4.630496113534715,0.0,,,0.0015199993920002432,carpet; daree and other floor mattings
6.1.01.2.1.01.0,1.9342988811694195,0.0,,,0.18314992674002,bed sheet; bed cover (no.)
6.1.01.2.1.02.0,1.6370535327307227,0.05637832336486248,,,0.07319997072001,rug; blanket (no.)
6.1.01.2.1.03.X,2.30809339856066,0.0,,,0.047329981068,pillow; quilt; mattress (no.)
6.1.01.2.1.04.X,5.6295540831704605,0.0,,,0.001869999252000299,cloth for upholstery; curtains; tablecloth; etc. (metre)
6.1.01.2.1.05.0,3.4103352935909403,0.0,,,0.012579994968,mosquito net (no.)
6.1.01.2.1.06.X,7.388305315958648,0.01924108343758346,,,0.0005499997800000881,bedding: others
6.1.01.3.1.01.X,2.120807734164656,0.0,,,0.053679978528,air conditioner; air cooler
6.1.01.3.1.02.0,2.9869340574597945,0.0,,,0.043169982732,inverter
6.1.01.3.1.03.0,3.446749878804873,0.0,,,0.0007699996920001231,sewing machine
6.1.01.3.1.04.0,2.959607416245076,0.0,,,0.023719990512,washing machine
6.1.01.3.1.05.X,16.69467184211176,0.005326265700189903,,,9.999996000001599e-06,stove; gas burner
6.1.01.3.1.06.0,1.7397276515714688,0.0,,,0.09166996333201,refrigerator
6.1.01.3.1.07.0,2.0684763423601296,0.0,,,0.015419993832,electric fan
6.1.01.3.1.08.0,2.972576473268373,0.0,,,0.009389996244001502,water purifier
6.1.01.3.1.09.X,9.074262486369038,0.018730335788374353,,,0.0023199990720003706,electric iron; heater; toaster; oven and other electric heating appliances
6.1.01.3.1.10.0,3.467169257338482,0.0,,,0.005389997844000861,other cooking/household appliances
6.1.01.3.1.12.0,6.905603025930935,0.0,,,0.004319998272000691,other durables [specify]
6.1.01.4.1.01.X,3.7630472908607837,0.0,,,0.17954992818002,stainless steel utensils
6.1.01.4.1.02.0,5.48311545992684,0.0,,,0.00022999990800003678,pressure cooker/pressure pan
6.1.01.4.1.03.0,3.908084631347403,0.0,,,0.012699994919999999,other metal utensils
6.1.01.4.1.05.0,2.5553647105787554,0.039093474763812974,,,0.012469995012,other crockery and utensils
6.1.01.4.1.06.0,3.53229041370271,0.0,,,0.028579988568,earthenware
6.1.01.4.1.07.0,3.4534722592465035,0.0,,,0.0014299994280002285,glassware
6.1.01.5.1.01.X,1.567345933946851,0.0,,,0.18173992730402,electric bulb; tubelight
6.1.01.5.1.02.0,3.2789062227840104,0.0,,,0.003909998436000625,plugs; switches and other electrical fittings
6.1.01.5.1.03.0,3.118016715556828,0.0,,,0.010629995748,electric batteries
6.1.01.5.1.04.0,2.8268295944974513,0.0,,,0.045619981752,torch
6.1.01.5.1.05.0,3.242741843654037,0.018034061105356658,,,0.0013999994400002238,lock
6.1.01.6.1.01.X,2.5689952219460586,0.0,,,0.06601997359201,bucket; water bottle/feeding bottle and other plastic goods
6.1.01.6.1.02.0,3.263219031899385,0.0,,,0.0037999984800006084,coir; rope; etc.
6.1.01.6.1.03.0,3.003689968910154,0.0,,,0.86657965336813,washing soap/soda/powder
6.1.01.6.1.04.0,1.4734604444096489,0.0,,,0.11648995340401,other washing requisites
6.1.01.6.1.05.X,1.8140790074177664,0.0,,,0.20369991852002997,incense [agarbatti]; room freshener
6.1.01.6.1.06.0,4.111786469567238,0.06080344838070639,,,0.09093996362401,flower [fresh]: all purposes
6.1.01.6.1.07.0,1.2254237442597582,0.0,,,0.12290995083601002,mosquito repellent; insecticide; acid etc.
6.1.01.6.1.08.0,3.4681090993783394,0.0,,,0.08462996614801,matches (box)
6.1.01.6.1.09.0,2.205674148678893,0.0,,,0.032669986932,candle (no.)
6.1.01.6.1.10.0,2.260206954868103,0.0,,,0.15755993697602,other petty articles
6.1.01.7.2.01.X,1.971019221306846,0.0,,,0.6391197443521,domestic servant/cook
6.1.01.7.2.03.0,3.48474581741372,0.0,,,0.041209983516,sweeper
6.1.01.7.2.05.0,6.58489044399222,0.0,,,0.039509984196,Monthly Maintainance charges
6.1.01.7.2.07.X,2.5463447924405997,0.0,,,0.15720993711602,other consumer services excluding conveyance
6.1.02.1.2.05.X,1.8386037758452458,0.0,,,0.44056982377207005,hospital and nursing home charges
6.1.02.2.1.01.X,1.7493318426400122,0.0,,,4.01147839540864,medicine [non-institutional]
6.1.02.2.1.03.X,6.024355342953515,0.0,,,0.0002099999160000336,family planning devices
6.1.02.2.1.04.0,2.7058223777188433,0.0,,,0.05609997756,spectacles
6.1.02.2.2.06.0,1.8373782901274551,0.0,,,0.11598995360400999,other medical expenses [non-institutional]
6.1.02.2.2.07.0,2.1734173398471532,0.0,,,0.79048968380412,doctors/surgeons fee-first consultation [non-institutional]
6.1.02.2.2.08.X,1.4023280167378365,0.0,,,0.47596980961206997,X-ray; ECG; pathological test; etc. [non-institutional]
6.1.03.1.1.01.0,2.4678205287572896,0.14554452337218116,,,0.48052980778807, motor car; jeep
6.1.03.1.1.02.X,3.821857868281883,0.005284600587458499,,,0.7926596829361201, motor cycle; scooter
6.1.03.1.1.03.0,3.1527510678180786,0.0,,,0.13010994795602,bicycle [without  accessories]
6.1.03.1.1.05.X,3.495164923070632,0.0,,,0.07220997111601, tyres and tubes
6.1.03.2.1.01.0,9.459190412100343,0.0,,,2.18696912521234,petrol for vehicle
6.1.03.2.1.02.0,10.801642609415076,0.0,,,0.14799994080002002,diesel for vehicle
6.1.03.2.1.03.X,2.0856277113850736,0.0,,,0.050019979992,lubricants and other fuels for vehicle
6.1.03.2.2.04.0,5.780137787838881,0.0,,,0.009849996060001575,other conveyance expenses
6.1.03.3.2.01.X,2.13417325119389,0.07977600005235208,,,0.18494992602002,railway fare
6.1.03.3.2.02.0,3.3662192214852737,0.0,,,1.36716945313221,bus/tram fare
6.1.03.3.2.03.X,2.284370737114442,0.0,,,0.56824977270009,taxi; auto-rickshaw fare
6.1.03.3.2.04.0,2.4670515263904345,0.024525744228331536,,,0.045529981787999996,rickshaw [hand drawn and cycle] fare
6.1.03.3.2.05.0,8.009705422941265,0.0,,,0.003859998456000617,horse cart fare
6.1.03.3.2.06.0,2.7741601459509933,0.0,,,0.24582990166803,school bus; van; etc.
6.1.03.3.2.07.0,44.82237361387884,0.1306578767298633,,,0.07721996911201,air fare [normal]: economy class [adult]
6.1.03.3.2.08.0,5.696759022354608,0.0,,,0.0004299998280000687,steamer; boat fare
6.1.03.3.2.09.0,7.872950228003533,0.0,,,0.001989999204000318,porter charges
6.1.03.4.1.01.0,2.797944244673018,0.0,,,0.13505994597602,mobile handset
6.1.03.5.2.01.0,1.7043242956226228,0.0,,,0.17063993174401998,telephone charges: landline
6.1.03.5.2.02.X,4.408787963352984,0.0,,,1.83915926433629,telephone charges: mobile
6.1.03.5.2.03.0,2.6687635756412447,0.0,,,0.08003996798401,internet expenses
6.1.04.1.1.01.X,4.288055509171259,0.0,,,0.003449998620000551,radio; tape recorder; 2-in-1
6.1.04.1.1.02.0,4.379852054487643,0.0,,,0.16208993516401998,television
6.1.04.1.1.03.0,8.139439784659396,0.0,,,0.005789997684000925,VCR/VCD/DVD player
6.1.04.1.1.05.X,5.694937528813639,0.0,,,0.0029999988000004797,camera and photographic equipment
6.1.04.1.1.06.X,2.881864175988471,0.0,,,0.11072995570801002,PC/Laptop/other peripherals incl. software
6.1.04.1.1.07.0,4.013512922859097,0.0,,,0.00468999812400075,CD; DVD; audio/video cassette; etc.
6.1.04.1.1.11.0,7.880943727753581,0.0,,,0.0015599993760002494,goods for recreation and hobbies
6.1.04.1.1.12.X,1.3215913933628924,0.004409979581041501,,,0.11242995502801,sports goods; toys; etc.
6.1.04.1.1.14.X,1.4098722079001695,0.0,,,0.18134992746002002,newspapers; periodicals
6.1.04.1.2.04.0,2.0752094936455863,0.0,,,0.020079991968,photography
6.1.04.1.2.08.0,11.684995161760762,0.0,,,0.0027999988800004477,VCD/DVD hire [incl. instrument]
6.1.04.2.2.01.0,3.797182258812304,0.0,,,0.13069994772002,cinema: new release [normal day]
6.1.04.2.2.02.0,1.7097240904360957,0.026769691662871575,,,0.82004967198013,monthly charges for cable TV connection
6.1.04.2.2.04.0,0.0,0.0,,,1.9999992000003198e-05,library charges
6.1.04.2.2.05.0,3.1362839403761127,0.0,,,0.11323995470400999,other entertainment
6.1.04.2.2.06.0,2.513004727344866,0.0,,,0.0014599994160002332,club fees
6.1.04.2.2.07.0,6.726042841198856,0.012652109168833081,,,0.009039996384001445,hotel lodging charges
6.1.05.1.1.02.X,1.671216173201759,0.0,,,0.55901977639208,books; journals: first hand
6.1.05.1.1.04.X,2.1015497844795035,0.0,,,0.38799984480006,stationery; photocopying charges
6.1.05.2.2.01.X,1.6790184929592893,0.0,,,2.8981388407444597,tuition and other fees [school; college; etc.]
6.1.05.2.2.02.X,2.872562962517867,0.0,,,0.5766497693400899,private tutor/coaching centre
6.1.05.2.2.03.0,2.1845587956430834,0.0,,,0.040179983928,other educational expenses [incl. fees for enrollment in web-based training]
6.1.06.1.1.01.0,4.128265813383896,0.0,,,0.6381697447321,toilet soap
6.1.06.1.1.02.X,1.8545992541454213,0.018928677776340552,,,0.35604985758005003,toothpaste; toothbrush; comb; etc.
6.1.06.1.1.03.X,1.4061586228568754,0.0,,,0.39323984270406,powder; snow; cream; lotion and perfume
6.1.06.1.1.04.X,1.6047915815223213,0.0,,,0.45015981993606996,hair oil; shampoo; hair cream
6.1.06.1.1.05.X,1.238850406478603,0.0339811213867407,,,0.09755996097601,shaving blades; shaving stick; razor
6.1.06.1.1.06.X,1.276927559198692,0.0,,,0.044079982367999995,shaving cream; aftershave lotion
6.1.06.1.1.07.0,1.547565428501771,0.025949269970269917,,,0.08920996431601,sanitary napkins
6.1.06.1.1.09.X,5.000234823886653,0.0,,,0.0001699999320000272,clock; watch
6.1.06.1.1.10.X,4.154866087848974,0.0,,,0.0016099993560002575,suitcase; trunk; box; handbag and other travel goods
6.1.06.1.1.11.X,2.599788461829956,0.0,,,0.061969975212,umbrella; raincoat
6.1.06.1.1.12.X,3.255485574097237,0.0,,,0.0002899998840000463,lighter [bidi/cigarette/gas stove]
6.1.06.1.1.14.X,6.348713699882201,0.0,,,2.99999880000048e-05,any other personal goods
6.1.06.2.1.01.0,15.169998892763003,0.010304086215803254,,,1.08034956786017,gold
6.1.06.2.1.02.0,19.462390402528417,0.09637629100644762,,,0.11174995530001,silver
6.1.06.2.1.04.0,9.364524020262314,0.0,,,0.011569995372,other ornaments
6.1.06.3.2.01.X,2.0465254261028383,0.0,,,0.5516997793200801,barber; beautician; etc.
